Name	Tier	Level	Zone	HP	Armor	Move spaces	Move tempo	Resist phys	Resist fire	Resist lightning	Action 1	Tempo 1	Action 2	Tempo 2	Action 3	Tempo 3	Action 4	Tempo 4	Passive 1	Passive 2
Cerberus	Boss	10	Act 2 — Underworld	250	50	6	3	30	40	15	Bite (async)- 25 damage, If below 66% health Cerberus second head attacks for 25 damage and applies 5 bleed. If below 33% health, Cerberus third head attacks for 25 and life steals	5	Swipe - Apply 8 bleed	8 tempo	Venom Tail (async): Player attacked discards 3 random cards from hand and becomes stunned for 15 tempo. Once the stun is over, the player then gains 2 vulnerable, and is Cuffed for 10 tempo. 	15	Roar - Cerberus gains 25 armor and 25 thorns	12	Guardian of Death: First time dropping below 50%, Cerberus gains Brace of 30% for 5 instances of incoming damage. EVERYTIME an enemy of Cerberus drops below 50% helath, and is within an 8 square radius, he gains the same thing. Meaning if I am fighting cerberus, drop to 40%, then heal to 51% and then get dropped below 50% again, Cerberus would gain the buff twice. 	Deathyard Dog - When an enemy heals within a 5 square raidus of cerberus he gains 15 strengthen
Corrupted Archangel	Boss	10	Act 3 — Heavens	TBD	TBD	TBD	TBD				TBD				Hallucination - put "Hallucination" cards in your hand that look identical to real cards until played. If the hallucination lasts for 6 tempo, it stuns you.				Design mock-up — stats & moves TBD
Granite Colossus	Boss	8	Act 1 — Mountains	350	250	3	5	65	50	50	TBD								Design mock-up — stats & moves TBD
Hades	Boss	10
Pit Fiend	Boss	9	Act 2 — Underworld	TBD	TBD	TBD	TBD				TBD								Design mock-up — stats & moves TBD
Rat King	Boss	9	Act 1 — Sewer	90	10	2	2				Bite — 6 dmg	3	Infest - put an "infest" in the players hand for each rat within a 10 square radius of the rat king (including himself). In 5 tempo, if the infest is still in the players hand, the infest hatches into 2 rats on the battle field. Infest: 50m/0T Erase this card. The player CAN DISCARD the infest out of hand and the rat production will not carry out	5
Bone Dragon	Boss	10	Act 1 — Graveyard	150	0	5	5	45%	45%	0%	Bite — 12 dmg	5	Breath Swarm — 12 dmg in a 6-tile line; spawns a Swarm per unit hit	6
Inflamed Minotaur	Boss	9	Act 2 — Underworld	350	100	6	5	15%	50%	25%	Attack - 35 damage, apply 2 burn to the target	5	Labrynth Leap - After taking over 20 damage the minotaur will leap away from his enemies 14 spaces. to a randomly unocccupied area. The amount of spaces jumped is decreased by applying slow to the Minotaur. 1 spaces per slow. This is specific to the minotaur please do not make this a universal rule. Slow is his weakness (theseus sword applies it)	(tempo does not really trigger this, the damage threshold does)	Bull Rush - 1 cycle after landing labrynth leap, thenminotaur charges the player dealing damage based on spaces moved in labrynth leap and bull rush combined with a % chance to stun and weaken the target equal to spaces moved * 4. (if multiple players/summons etc.. minotaur will prioritize the player hitting the player. All player controlled units hit by bull rush will be given vulnerable even if they are not the final target. Stun is reserved for the final target)	5			When a player takes damage from the minotaurs fire trail, The Minotaur heals 10 HP	Leaves fire in its wake that deals damage to enemies (all things left in "the wake" of chracters will be Traps unless determined otherwise. please not this for future things of the game)
Hydra	Elite	8	Act 1 — Forest	190	0	3	6	25%	25%	25%	Strike — 7 + strength dmg	8	Heal — heals to full (after 4th hit)	5					+2 strength every time she is hit	On 4th hit: +40 max HP and unlocks Heal
Grave Titan	Elite	10	Act 1 — Graveyard	130	30	4	8				Smash — 15 dmg in front	8	Boulder Roll — 15 dmg, range 3	5
Armored Troll	Elite	7	Act 1 — Cave	60	40	2	4	30%	15%	15%	Kick — 6 dmg	3	Smash — 14 dmg + Lightly Dazed card	5					Regenerates 3 HP every 6 global tempo	At melee: 60% Smash / 40% Kick
Djinn	Elite	7	Act 3 — Heavens	180	0	8	3	15%	15%	15%	chain lightning deal damage 35 damage to each enemy hit. range of initial cast is 5. a bound has range of 4	5							When attacking Djinn, add 3 wishes to your hand. A wish costs 60 mana 0tempo, and deals damage to the card holder ever 5 tempo it is held. Each wish deals 1/3 the damage that was dealt to the Djinn in during the attack that triggered the wishes to the players hand
Giant Beaver	Elite	7	Act 1 — Forest	60	0	3	6	25%	0%	0%	Chomp — 9 dmg, stuns 3 tempo	4	Tail Whip — 6 dmg + Vulnerable (15 tempo)	2
Ice Troll	Elite	7	Act 1 — Mountains	150	55	3	3	35%	15%	15%	club - 13 damage	4	Clobber - 50 damage, when freezing a target, this automatically triggers	10					All of Ice Trolls attacks add a stack of frost and brittle to thier target
Ifrit	Elite	8	Act 2 — Underworld	225	0	5	4	20%	15%	15%	Attack - 45 damage	3	Fire Breath - 5x5 tiles of fire in front of the ifrit dealing 20 damage and apply 5 burn. The breath continues for 6 tempo. once the breat is over, the fire remains in the 5x5 tiles for 3 tempo	8	Backflip - If recieving over 40 damage at once, ifirit will perform a backflip, jumping 3 squares backwards
Large Bear	Elite	7	Act 1 — Forest	90	0	6	7	0 (after dropping below 50% health, the bear gains 30% physical resistance. this buff DOES NOT go away if the bear recovers to above 50% health)	0%	0%	Maul — 12 dmg + 4 Bleed	4	Roar: apply vulnerable to all enemies in an 4 square radius around the bear	3					If there are little bears present, Large bears gains 1 stack of strengthen when they take damage from any source	rage of the bear: when dropping below half health large bears attacks deal 1.5 damage and apply double bleed. Large Bear also heals from bleed damage done to their enemies
Necromancer	Elite	8	Act 1 — Graveyard	60	0	8	6	0%	15%	15%	Bolt — 4 dmg, range 10, hex 2 random cards in the players hand by 30 mana	5	Summon — raises undead. I cant remember if I gave you a structure of what the necromancer summons yet? If i havent, I will do so	8					After 5 of its summons die, raises a Bone Dragon
Treant	Elite	8	Act 1 — Forest	110	0	9	10	25%	-10%	55%	Slam — 14 earth dmg	10	Root — pins you for 8 tempo (can attack, cannot move)	8		5			Heals 5 HP every 5 tempo	every 10 tempo, remove all thorns from its enemies and heal for the same amount
Vampire	Elite	8	Act 1 — Graveyard	95	0	5	5	10%	10%	10%	Bite — 10 dmg, heals 100% of health dmg dealt	5	Bat form - when getting below 50% health, transform into a bat and fly 6 squares away (2 charges with no way to get charges back)	0	Absorb - steal life from the healthiest Player or ally to the player on the map; stealing up to 10xcharges left health (first one does 20, then 10. can only be, and is always casted right after bat form).	3			Life steal (health damage only, not armor)
Werewolf	Elite	7	Act 1 — Graveyard	55	0	3	3	25%	25%	25%	Claw — 10 dmg, +3 extra vs armor. 	5							when the werewolf attacks the same target, -1 tempo to its attack charge. Meaning first attack on the target is after 5. then if it targets the same target it will only take 4. same target again only 3 etc. as soon as it attacks a different target, the cooldown resets	If target has a debuff on it, claw hits a second time for half damage
White Manticore	Elite	8	Act 1 — Mountains	75	15	3	2	10%	35%	10%	bite: deal 15 damage	3	Stinger: deal 25 damage and apply clumsy to the taret for 3 cycles. Also aplply 8 stacks of posion	5 (cooldown of 5 tempo)
Wyvern	Elite	7	Act 1 — Mountains	125	0	6	4	25%	35%	25%	Bite: 25 damage	5	Talon Grab: fly above traget, grab with talons and drag them to an unoccupied space 8 squares away. Deals 25 damage	8 (cooldown 2)
Spirit Collector	Mid Tier	5	Act 1 — Graveyard	50	0	3	4				Strike — 8 dmg	3	Collect Soul — 8 dmg; adds 'Release Soul: 15mana, 2 tempo: give all soul collecters strengthen' card to your hand. While "release soul" is in a players hand they are inflicted with Drain 	8					'Release Soul' deals 1 dmg per tempo until played, then is erased
Air Mage	Mid-tier	6	Act 1 — Forest	30	0	6	3				Gust — 5 wind dmg, range 8	5							Long-range caster
Bugbear	Mid-Tier	5	Act 1 — Forest	50	0	6	4				Strike — 6 dmg	5							First Strike: +8 dmg if it hits you before you have hit it
Crypt Crawler	Mid-tier	5	Act 1 — Graveyard	28	0	3	4				Bite — 6 dmg	3	Web — adds 'Paralysis' card (cannot move until played). Paralysis is 10m/5 Tempo	3					Webs you after 3 consecutive attacks
Demon	Mid-Tier	6	Act 2 — Underworld	65	0	2	2				Mimic (async) - Create a duplicate version of the demon. This is just a copy, and appears to be identical to the demon himself to the player. Meaning all health, debuffs, buffs etc carry over to the mimic. Each particular Demon can only have 2 mimics of themselves at once. The mimics have 1 health but can deal damage as normal.	8	Cuff the target for 15 tempo (Async)	8	Attack - 8 damage	5
Earth Mage	Mid-tier	6	Act 1 — Forest	65	0	5	5				Boulder — 9 earth dmg, melee	6							Gains 4 armor every time it is hit
Fire Goblin Mage	Mid-tier	5	Act 1 — Cave	10	0	2	3				Ember — 7 dmg + 1 Burn, range 4	4
Fire Goblin Shaman	Mid-tier	6	Act 1 — Cave	16	0	2	3				Fire Wall — wall deals 6 dmg + 3 Burn on contact	8	Sear Wounds — 2 dmg to all allies (can kill), heals survivors 6	6					Support caster (range 5)
Fire Mage	Mid-tier	5	Act 1 — Forest	32	0	2	3				Fire Bolt — 7 fire dmg + 2 Burn, range 2	3							Attacks apply 2 Burn
Giant Hawk	Mid-tier	5	Act 1 — Forest	28	0	8	3				Swoop — 9 dmg, 20% chance to Blind (5 tempo)	4							Flying — ignores your high-ground bonus
Ice Mage	Mid-tier	6	Act 1 — Forest	40	0	3	5				Frost Bolt — 6 ice dmg + Slow, range 3	3							Attacks Slow your movement
Infected Hunter	Mid-tier	5	Act 1 — Forest	40	0	2	3				Hook — pulls you to it from range 7 (starts charged)	8	Cleave — 8 dmg to the three squares in front of the hunter	3	Net throw: apply weighted to the targets entire hand	2 (cooldown 8)
Roc	Mid-tier	6	Act 1 — Mountains	25	15	1	1				Dive bomb - this can attack from up to 6 paces away, roc ends its attack next to the player	5	Eye scrape - If in melee range for more than 3 tempo, roc will claw the players eyes inflicting 2 weaken. (async)	3					Roc will always move away from the player. so Rocs will dive bomb, then move away until dive bomb is once again active. The eye scrape ability will effectively only trigger if the player follows the roc
Sabertooth Tiger	Mid-Tier	6	Act 1 — Mountains	45	0	2	2				Track - (async) - sabertooth gains strengthen 15 to the target nearest to it and the sabertooth must attack it. 	10	Bite and claw - bite the target for 6 damage and then claw them for 3. each attack is its own attack meaning iit has two seperate rolls for crit and interact with strengthen seperately	5	Sunken bite - Sabertooth digs its fangs deeply into the target dealing 10 damage and applying 8 bleed (async)	15			The sabertooth has a 35% chance to crit its enemies. On crit deal 1.5x damage and inflict 6 bleed
Sewer Cobra	Mid-Tier	5	Act 1 — Sewer	40	20	2	5				Bite — 12 dmg	6	Venom spray - range 5 (in a cone, only targeting the immediate square infront of it to 4 squares at range 5) inflict 8 poison to all targets in th cone. If any of the targets have armor, venom spray deals 10 damage to it. Deals no immediate damage if the target has no armor. (async)	15					When recieving damage directly to health, the sewer cobra inflicts 3 poison to the attacker. While the sewer cobra has armor, they have 5 thorns. 	Upon being exposed, the sewer cobra is stunned for 3 tempo and its tempo counter is completely reset
Skeleton	Mid-tier	5	Act 1 — Graveyard	20	12	1	5				Attack — 6 dmg	4
Spark Mage	Mid-tier	5	Act 1 — Forest	16	0	2	3				Spark — 3 lightning dmg + 1 Shock, range 6	2							Attacks apply 1 Shock
The Consumed	Mid-tier	6	Act 1 — Graveyard	35	0	5	3				Attack — 8 dmg	5							On death: explodes for 8 dmg to everything nearby (now implemented)
Weregoat	Mid-Tier	6	Act 1 — Mountains	80	0	2	5				Hoof Punch - 6 damage	4	Charge up to 8 squares. Depends on where their target is. The weregoat will prioritize the target that allows them to hit the most targets. If the target is - Deal 8 damage to all targets in his path and stun all enemies within 1 square of the charges landing spot	8
Wolf	Mid-tier	5	Act 1 — Forest	30	0	4	3				Bite — 7 dmg	5							Within 4 tiles of another wolf: +2 HP regen/cycle and +2 dmg
Ring Wraith	Special	-	Any act (shadow world)	100	0	5	4				Attack — 15 dmg	2							Ignores invisibility / shadow form	Resummons on death — 0 XP
Archer Rat	Trash	2	Act 1 — Sewer	6	0	2	2				Shoot — 2 dmg, range 4	5	Scurry Away — dashes 5 tiles (at range <=2)	2					Kiter: repositions to stay at range 3-4
Ash Harpy	Trash	1	Act 2 — Underworld	6	0	1	1				Peck - 3 damage melee	5	card steal - steal a card from the players hand, upon death, return it. can only trigger once per harpy. Range 4 but the harpy has to fly into melee range in order to do it.	8
Cherub	Trash	4	Act 3 — Heavens	14	5	2	3				Loves arrow -  2 damage, Cherub can not be attacked by the player directly (can still take poison AOE damage etc) for 5 tempo	First time player enters Cherubs 4 range, from there it is a 10 tempo attack
Coyote	Trash	1	Act 1 — Forest	6	0	4	3				Nip — 2 dmg	4
Fire Goblin Soldier	Trash	2	Act 1 — Cave	6	0	4	2				Attack — 2 dmg	3
Magma Spider	Trash	1	Act 2 — Underworld	4	0	0	0				Fire web - create a web of fire on the ground, while in it, the player is slowed and takes 1 damage ever 3 tempo
Mind Eater	Trash	3	Act 2 — Underworld	20	0	0	0				Mind Slow - Increase the mana cost of all cards in the players hand by 20	10	Manipulate mind space - cuff the player for 15 tempo	8
Mini Bear	Trash	3	Act 1 — Forest	14	0	5	5				Attack — 4 dmg	3							Pack: +2 dmg when a packmate in sight is hurt
Pipe Crawler	Trash	2	Act 1 — Sewer	20	0	2	2				Claw — 5 dmg, 25% chance to Disarm (5 tempo)	5							Disruptor: claw can knock your weapon loose
Screecher	Trash	1	Act 1 — Graveyard	14	0	4	2				Screech — 5 dmg; becomes visible for 3 tempo	5							Invisible until it strikes	Drift: 4 sp / 2 tempo invisible, 2 sp / 5 tempo visible
Sludge Being	Trash	1	Act 1 — Sewer	10	0	3	5				Melee — 3 dmg	5	Spit — 3 dmg, range 6	6
Snow Wraith	Trash	3	Act 1 — Mountains	10	0	3	5				Snowball - throws a snowball at the target inflicting slow for 3 tempo and 2 frosts	8	Ice blast - pierce the target with an ice blast. dealing 5 damage and additional 3 damage if the target has armor. Apply slow for 3 tempo
Specter	Trash	1	Act 2 — Underworld	10	0	1	1				Spirit Spit - Short range attack of 2 damage and 2 range	5	invisilbe - go invisible for 3 tempo (async)	8
Succubus	Trash	4	Act 2 — Underworld	25	5	1	2				Mana drain - drain 10 mana from the targets mana pool 	10	damaging snap - deal damage to the target equal to their (missing mana/20) + 4	6
Swarm	Trash	2	Act 1 — Sewer	10	0	8	3				Attack — 3 dmg	2
Wererabbit	Trash	3	Act 1 — Graveyard	25	0	2	1				Vanish — disappears in a puff of smoke	1							Loot monster — never attacks	Flees for 3 cycles, then vanishes
Wererat	Trash	1	Act 1 — Sewer	8	0	1	2				Bite — 3 dmg	2	Scurry — dashes away (at range >=6)	4
Zombie	Trash	2	Act 1 — Graveyard	12	0	3	8				Attack — 5 dmg	6
