Name,Applies To,Code Key,Effect,Expiry Model,Default Magnitude / Duration,Stacking & Re-apply,Sphere Grid Amp,Sources,Badge Colour,Notes
Thorns,Player & allies,BuffType.THORNS,Deal X damage back to every attacker that hits you. Lose 1 thorn per hit (the Vined Encasing variant instead sheds thorns equal to the damage taken). Adds on top of permanent sphere thorns and Barbed Exterior's maintained thorns.,Timed (tempo) and value decays per hit,"3 thorns, 15 tempo (most sources use 5 tempo)",Stackable: re-applying adds the value and keeps the longer timer,"Thorns +N (permanent sphere thorns, separate from the buff)","Vined Encasing [Briarhide Plate] (thorns = current armor, 20 tempo, sheds by damage); Studded Belt on-self (3, 5t); Treebeards Branch on-self (3, 5t); Spiked Mitts (5 per 25 armor gained, 5t) and its skill Well Placed Guard (5, 5t); Hallowed Trunk skill Imbue Tree (10, 5t); Spiked Shield (1 per cycle, 5t); Brad passive Vines Codependence (1-8 on a direct heal, 5t)",#CC66CC,"The Treant strips Thorns. Barbed Exterior (maintained_thorns = 5) is a Power card, not this buff."
Focused,Player & allies,BuffType.FOCUSED,Gain 10 extra mana at the start of each cycle.,Timed (tempo),15 tempo,Not stackable: re-applying keeps the longer timer,,None in the live game (only the unconnected debug 'Test' hook in main.gd),#6699FF,"Defined and ticking, but nothing currently grants it."
Regen,Player & allies,BuffType.REGEN,Heal X HP at the start of each cycle; X drops by 1 at the end of each cycle. Regen ticks do not count as 'real heals' for heal-triggered passives.,Timed (tempo) and value decays 1 per cycle,"2 HP, 15 tempo",Stackable: re-applying adds the value and keeps the longer timer,,"Brad: Vines Codependence passive (0-7, 5t), Living Armor (tops Regen back up to the Fortify mark, 5t); Ryan: Mad Scientist Utility->Heal (2-8, 15t); Ring of Thomas the Train Tracks on shuffle (7, 10 at Lv3, 15t); Vanguard shield (1 per cycle, 15t); Treebeards Branch on Overdraw (3, 15t); Wooden Plank on dropping below 50% HP (1, 15t); Hallowed Trunk per 10 armor lost (1, 15t) and Imbue Tree (5, 15t); From the Ashes [Wand of the Phoenix Feather] (half the burn, permanent); Tricks of Alberich [Ring of Nibelung] (2 per enemy taunted, 15t)",#66FF66,"Natures Grace (sphere_bonus_regen), Death as Lifeblood and the boot regen auras are separate stat regen, not this buff."
Blessed,Player & allies,BuffType.BLESSED,Draw X additional card(s) at the start of each cycle for Y cycles; one charge burns per cycle.,Charges (one per cycle),"1 draw, 3 cycles",Not stackable: re-applying keeps the higher charge count,"Blessed Draw Amp (+draws), Blessed Amp (+cycles)",Succumb (Brad): 2 extra draws for 4 cycles,#FFE680,
Fortify,Player & allies,BuffType.FORTIFY,Armor does not decay. Remembers the Regen value you had when it began (Living Armor tops Regen back up to that mark).,Timed (tempo),15 tempo,Not stackable: re-applying keeps the longer timer,,"Turtle Up (Brad, 20t); Hunker Down (Brad, 30t); Succumb (Brad, 20t); Sword Breaker on-self (5t)",#9999CC,
Enlightened,Player & allies,BuffType.ENLIGHTENED,"+X% crit chance on your next Y attacks. Every attack roll spends a charge, crit or not. A value of 100 is a guaranteed crit.",Charges (one per attack roll),"25%, 3 attacks",Not stackable: re-applying keeps the higher charge count (never adds); a higher % replaces a lower one,"Enlight Amp (+% crit, except on 100% sources)","Lady Luck (Jeremy, 30%, 5); Gift from the Gods [Megingjord] (10%, 3 charges, 4 at Lv3); Tighten String (Stephen, 20%, 1 per buffed shot); Understanding (Ryan, 100%, 1, after a 10t countdown); Scouted passive (Stephen, 100%, 1, after 3 hits in a row on one enemy); Serial Killer passive (Cory, 100%, 1, on the ambush attack)",#FFFF99,"Damaging cards that never roll crit (Exposed Artery, Shield Slam, God of Thunder, Balistic Arrow, flat item AOEs) neither use nor spend it."
Strengthen,Player & allies,BuffType.STRENGTHEN,+X damage on your next Y offensive cards (a resolving non-offensive card neither gains nor spends it). Timed variant: +X on every attack until the clock runs out.,Charges (per offensive card) or Timed (tempo),"3 damage, 3 attacks","Stackable: re-applying adds the value. When a timed and a charge version meet, the damage adds and the clock wins",Strength Amp (+damage),"Belt of Wumbology on-self (10, 2); Tight Rope [Boots of the Balancer] (15, 1); Feed into the Pain [Hammer of Ajax] (20, 4); Cyclops Ring after three 25+ hits (15, 2); Draupnir when the clone dies (10, 2); Biscuit (Jeremy, 3, 3; also via Risk It); Hope This Works (Jeremy, 2, 3, on success); Bloodlust (Ryan, timed: 3 for 20t); Succumb (Brad, timed: 5 for 20t); Mad Scientist Attack->Heal (Ryan, 2-8, 3); Easy Target (Stephen, 1-15, 3); Dominate (Stephen, 2-16, 3); Circle of Life on shuffle (Cory, 10-24, 3)",#FF804C,
Bolster,Player & allies,BuffType.BOLSTER,+X armor the next Y times you gain armor; one charge per armor gain.,Charges (one per armor gain),"2 armor, 3 times",Stackable: re-applying adds the value and keeps the higher charge count,Bolster Amp (+armor),None in the live game (only the debug 'Test' hook),#80B2FF,"Consumed by Smith thy Soul and the block pipeline, but nothing grants it."
Haste,Player & allies,BuffType.HASTE,+X tempo-free tiles on each of your next Y (non-Flash) moves; one charge per move action.,Charges (one per move),"1 tile, 3 moves",Not stackable: re-applying keeps the higher charge count,Haste Amp (+moves),"Fleet Etching (Swift boot-slot engrave card: +1 tile, 2 moves)",#80FFFF,A shelved sphere proc 'On move: 10% gain Haste' is still wired in progression_triggers.gd but retired from the grid.
Cleanse,Player & allies,BuffType.CLEANSE,Instant: remove X random debuffs from yourself. Never sits on the bar.,Instant,1 debuff,n/a (resolves immediately),Cleanse Amp (+debuffs removed),"Armor Patch (Brad, on draw: 3 armor + cleanse 1); Harnessed Sun ring (cleanse 1 per 25 Burn applied)",#FFFFFF,"Fresh Start, Gift from the Gods Lv3 and Preemptive Answer remove debuffs directly without this buff."
Smith,Player & allies,BuffType.SMITH,Gain X armor at the start of each cycle; X drops by 1 at the end of each cycle ('Regen for armor').,Timed (tempo) and value decays 1 per cycle,"2 armor, 15 tempo",Not stackable: re-applying keeps the longer timer,,"Best Offense is a Good Defense (Jeremy: 3, or 6 with no attack card in hand, 25t)",#B2B2B2,
Steady,Player & allies,BuffType.STEADY,Your next action adds no tempo.,Charges,1 charge,Not stackable: re-applying keeps the higher charge count,,None in the live game (only the debug 'Test' hook),#99CC99,main.gd consumes it but nothing grants it.
Brace,Player & allies,BuffType.BRACE,Reduce incoming damage by X% on the next Y hits (applied after Resilient). A typed Brace (Parry = physical) only reacts to hits of its type.,Charges (one per hit taken),"30%, 1 hit",Not stackable: re-applying keeps the higher charge count,Brace Amp (+%),"Protection From Alnitak [Orions Belt] (% = empty hand slots, 5 hits); Parry (Brad, 10% physical only, 1 hit)",#8080CC,
Resilient,Player & allies,BuffType.RESILIENT,Reduce all incoming damage (or one damage type's) by X% for N tempo. Applied before Brace.,Timed (tempo),"15%, 15 tempo",Not stackable: keeps the longer timer; a stronger % replaces a weaker one,Resil Amp (+%),"Harden (Brad, 10% physical, 15t); Succumb (Brad, 20% all, 20t); Strap of Stone on-self (10% physical, 10t); Smithed Excellence on-self (2% all, 3t); Ring of Stone Hide (10% all, 15t, per 100 armor gained)",#B299E6,
Life Steal,Player & allies,BuffType.LIFE_STEAL,Your next attack heals you for the damage dealt (or X% of it when a percentage is set). The Sanguine Barrier keystone can turn the heal into temp HP.,Charges,1 charge (full damage),Not stackable: re-applying keeps the higher charge count,,Life Steal card (Brad),#E63366,"Lifesteal passives and items are separate mechanics, not this buff."
Morphine,Player & allies,BuffType.MORPHINE,X temp HP. When the buff expires the remaining temp HP is lost and you take 2 damage.,Timed (tempo),"4 temp HP, 15 tempo",Not stackable: re-applying keeps the longer timer,,Morphine card (Brad),#FF99CC,
Wear Down,Player & allies,BuffType.WEAR_DOWN,"While active, each of your attacks lowers the target enemy's attack damage by 1 (stacks on the enemy as its own Wear Down status) for N tempo.",Timed (tempo),15 tempo,Not stackable: re-applying keeps the longer timer,,"Wear Down card (Brad, 15t)",#E6994C,
Invisible,Player & allies,BuffType.INVISIBLE,Enemies cannot target you and skip their actions against you for N tempo (Ring Wraiths see through it).,Timed (tempo),10 tempo,Not stackable: re-applying keeps the longer timer,,"Shadows (Ryan, 10t); Poof and Weave [Shadow Obi] (5t); Houdinis Slippers on-self (5t); The Precious shadow form (10t); Smoke Bomb [Concealed Carry] (2t, re-applied each tick inside the 8t cloud); Eye Scrape passive (Ryan, 5t); Now You See Me passive (Ryan, 5t on displacement)",#8080B2,
Armor Break,Player & allies,BuffType.ARMOR_BREAK,"Your next attack card deals double damage to the enemy's armor only (no health damage, no spillover).",Charges,1 charge,Not stackable: re-applying keeps the higher charge count,,Armor Break card (Brad),#CC9933,
Shield Ready,Player & allies,BuffType.SHIELD_READY,"After N tempo, gain X armor (the payload lands when the countdown ends).","Timed (tempo), pays out on expiry",5 armor after 5 tempo,Not stackable: re-applying keeps the longer timer,,Shield Ready card (core),#6699E6,
Repelled Block,Player & allies,BuffType.REPELLED_BLOCK,"If your next melee attack taken is fully blocked by armor: negate it, push the enemy back 4 spaces and yourself back 2.",Charges,1 charge,Not stackable: re-applying keeps the higher charge count,,Repelled Block card (core),#4C80FF,
Shield of Growth,Player & allies,BuffType.SHIELD_OF_GROWTH,All damage you take increases your armor by that amount for N tempo.,Timed (tempo),10 tempo,Not stackable: re-applying keeps the longer timer,,"Shield of Growth card (core, 10t; also Disarms you for 10t)",#4CCC80,
Demonic Rage,Player & allies,BuffType.DEMONIC_RAGE,Your next N mana costs are paid with health instead of mana.,Charges (one per mana cost),5 charges,Not stackable: re-applying keeps the higher charge count,,Demonic Rage card (Jeremy),#CC1A33,
Poisoned Blood,Player & allies,BuffType.POISONED_BLOOD,Your next N heal cards deal damage to enemies instead of healing; one charge per converted heal.,Charges (one per heal card),3 heals (card grants 5),Not stackable: re-applying keeps the higher charge count,,"Poisoned Blood card (Ryan, next 5 heals)",#801A66,
Elixir,Player & allies,BuffType.ELIXIR (display badge),Poison applied to you heals instead of hurting for the window. The stack variant turns your next N poison ticks into heals.,Flag-driven badge (PlayerStats.elixir_tempo / elixir_stacks),25 tempo window (ELIXIR_TEMPO),n/a (badge mirrors the flag),,Elixir card (Ryan),#4CE680,"elixir_stacks is only ever decremented, never set, so the per-tick stack branch is dead code."
Keen,Player & allies,BuffType.KEEN,+X% flat crit chance for N tempo (added straight into the crit roll).,Timed (tempo),10 tempo,Stackable: re-applying adds the value and keeps the longer timer,,"Ragnarok [Hide of Garmr] (+10% per jailed card released, 10t)",#FFE64C,
Might,Player & allies,BuffType.MIGHT,"+X STR for N tempo. Boosts damage only (temp_strength_bonus), not carry capacity, so gear never pops off.",Timed (tempo),10 tempo,Stackable: re-applying adds the value and keeps the longer timer,,"Ragnarok [Hide of Garmr] (+5 STR per card released, 7 at Lv3, 10t); Self Infliction (core, 5, 10t; also +5 temp DET); Gargle and Spit (Ryan, 1, 20t); Tricks of Alberich [Ring of Nibelung] (10, 5t); Hold the Line (Brad, 2 to all allies, 15t; also +2 temp DET)",#FF6633,
Phoenix Grace,Player & allies,BuffType.PHOENIX_GRACE,Retired. No behaviour.,n/a,n/a,n/a,,Nothing applies it,,Enum slot kept only for save-order compatibility.
Raged Circulation,Player & allies,GENERIC badge: healing_boost_percent,Healing and regen you receive are +30% effective.,Timed (tempo),"+30%, 15 tempo",Re-applying refreshes the timer,,Raged Circulation card (Ryan),#BF2E33,Display badge for a PlayerStats flag.
Understanding,Player & allies,GENERIC badge: understanding_tempo,Countdown; when it reaches 0 you gain Enlightened 100% for 1 attack (a guaranteed crit).,"Timed (tempo), pays out on expiry",10 tempo,Re-applying restarts the countdown,,Understanding card (Ryan),#40A8F5,Display badge for a BuffManager flag.
Approach,Player & allies,GENERIC badge: approach_armor_per_move,Gain X armor for every tile you move while it lasts.,Timed (tempo),"+5 armor per tile, 10 tempo",Re-applying refreshes,,Approach card (Brad; also Slows you for 10t),#808C99,Display badge for a BuffManager flag.
Enchanted Quiver,Player & allies,GENERIC badge: enchanted_quiver_charges,Your next N ranged attacks each create a free arrow card.,Charges (one per ranged attack),3 charges,Re-applying adds charges,,Enchanted Quiver card (Stephen),#26AD61,Display badge for a BuffManager flag.
Tighten String,Player & allies,GENERIC badge: tighten_string_charges,"Your next N ranged attacks cost +3 tempo and gain +6 damage, +6 range and Enlightened 20% (one attack).",Charges (one per ranged attack),3 charges,Re-applying adds charges,,Tighten String card (Stephen),#F2C417,A shot returned to hand because its target died still spends a charge.
Loaded Die,Player & allies,GENERIC badge: next_odds_boost,Your next chance roll is +X% (rides every chance card until one is played).,Charges (until the next chance roll),+10% (House Money sets it to 100%),Re-applying raises the boost,,"Loaded Die (Jeremy, +10); House Money (Jeremy, 100)",#9C59B5,Display badge for a PlayerStats flag.
Shadow Form,Player & allies,PlayerStats.shadow_form_tempo,"Max mana is halved (restored on exit), +10 Brain and +10 Flash points beyond their caps, and you are Invisible. Must spend at least 1 tempo inside.",Timed (tempo),10 tempo,Cannot re-enter while active,,The Precious ring (every 4th enemy hit),,Flag on PlayerStats; the wraiths are shown by main.
Invulnerable,Player & allies,PlayerStats.invulnerable_tempo,Full damage immunity.,Timed (tempo),3 tempo,n/a,,"Marvolo Gaunt ring (a lethal hit leaves you at 1 HP, heals 25, 50t cooldown)",,Followed by the Marvolo's Misunderstanding debuff (see Debuffs).
Temp HP,Player & allies,PlayerStats.current_temp_health,Extra health that sits above your health bar and absorbs damage first. Counts toward health % for Determination thresholds.,Timed (tempo),varies by source,Adds; keeps the longer timer,,"Morphine (4, 15t); Tight Rope [Boots of the Balancer] (20, 5t); Feed into the Pain [Hammer of Ajax] (25, 5t); Budding passive (Cory, 5-19, 15t); Living Bulwark keystone (armor gains become temp HP, 5t); Sanguine Barrier keystone (lifesteal becomes temp HP, 5t)",,"Resource pool, not a bar badge."
Enchantment (in hand),Player & allies,Card.in_hand_buff,"While the Enchantment card sits in your hand: +3 damage (Attack), +3 block (Defense), +1 movement (Movement) or +10 mana regen (Mana Regen). Auto-discards after 2 cycles; the bonus ends when the card leaves the hand.",While in hand (2 cycles),+3 / +3 / +1 / +10,Each copy in hand adds,,"Enchantment: Attack, Enchantment: Defense, Enchantment: Movement, Enchantment: Mana Regen cards",,"Stat bonuses on PlayerStats, not Buff objects."
Brace (enemy),Enemy,Enemy._brace_charges,The next N hits deal 30% less damage to it.,Charges (one per hit taken),5 hits per trigger,Adds charges,,"Guardian of Death: gained whenever he, a foe or an ally within 8 squares first drops below half health",#8080CC,
Thorns (enemy),Enemy,Enemy.enemy_thorns,Every direct hit on it costs the attacker X damage; one thorn is spent per hit.,Value decays per hit,25 thorns (with +25 armor),Adds,,Cerberus 'Roar',#CC66CC,
Strengthen (enemy),Enemy,Enemy.strengthen_stacks,+X damage on every attack. It never fades.,Permanent,+15 per trigger (Deathyard Dog) / +1 per hit (Large Bear),Adds,,Deathyard Dog (+15 whenever a foe heals within 5 squares); Large Bear (+1 per hit taken while Mini Bears are present),#FF804C,Only the Cerberus-type dog shows the badge; the Large Bear stacks silently.
Gravebound,Enemy,Enemy.gravestone_provider,Regenerates 1 health every cycle for each gravestone still standing. Only breaking the stones lowers it.,Permanent (while stones stand),1 HP per cycle per stone,n/a,,Graveyard boss arena (gravestones),#8CD999,
Sealed,Enemy,Enemy.door_sealed_tempo,Hell's Door has sealed itself: no damage gets through until the seal fades.,Timed (tempo),"seals at 75%, 50% and 33% health",n/a,,Hell's Door boss,#E6594C,
