Name,Category,Applies To,Code Key,Effect,Expiry Model,Default Magnitude / Duration,Stacking & Re-apply,Sphere Grid Amp,Sources,Badge Colour,Notes
Thorns,Buff,Player & allies,BuffType.THORNS,Deal X damage back to every attacker that hits you. Lose 1 thorn per hit (the Vined Encasing variant instead sheds thorns equal to the damage taken). Adds on top of permanent sphere thorns and Barbed Exterior's maintained thorns.,Timed (tempo) and value decays per hit,"3 thorns, 15 tempo (most sources use 5 tempo)",Stackable: re-applying adds the value and keeps the longer timer,"Thorns +N (permanent sphere thorns, separate from the buff)","Vined Encasing [Briarhide Plate] (thorns = current armor, 20 tempo, sheds by damage); Studded Belt on-self (3, 5t); Treebeards Branch on-self (3, 5t); Spiked Mitts (5 per 25 armor gained, 5t) and its skill Well Placed Guard (5, 5t); Hallowed Trunk skill Imbue Tree (10, 5t); Spiked Shield (1 per cycle, 5t); Brad passive Vines Codependence (1-8 on a direct heal, 5t)",#CC66CC,"The Treant strips Thorns. Barbed Exterior (maintained_thorns = 5) is a Power card, not this buff."
Focused,Buff,Player & allies,BuffType.FOCUSED,Gain 10 extra mana at the start of each cycle.,Timed (tempo),15 tempo,Not stackable: re-applying keeps the longer timer,,None in the live game (only the unconnected debug 'Test' hook in main.gd),#6699FF,"Defined and ticking, but nothing currently grants it."
Regen,Buff,Player & allies,BuffType.REGEN,Heal X HP at the start of each cycle; X drops by 1 at the end of each cycle. Regen ticks do not count as 'real heals' for heal-triggered passives.,Timed (tempo) and value decays 1 per cycle,"2 HP, 15 tempo",Stackable: re-applying adds the value and keeps the longer timer,,"Brad: Vines Codependence passive (0-7, 5t), Living Armor (tops Regen back up to the Fortify mark, 5t); Ryan: Mad Scientist Utility->Heal (2-8, 15t); Ring of Thomas the Train Tracks on shuffle (7, 10 at Lv3, 15t); Vanguard shield (1 per cycle, 15t); Treebeards Branch on Overdraw (3, 15t); Wooden Plank on dropping below 50% HP (1, 15t); Hallowed Trunk per 10 armor lost (1, 15t) and Imbue Tree (5, 15t); From the Ashes [Wand of the Phoenix Feather] (half the burn, permanent); Tricks of Alberich [Ring of Nibelung] (2 per enemy taunted, 15t)",#66FF66,"Natures Grace (sphere_bonus_regen), Death as Lifeblood and the boot regen auras are separate stat regen, not this buff."
Blessed,Buff,Player & allies,BuffType.BLESSED,Draw X additional card(s) at the start of each cycle for Y cycles; one charge burns per cycle.,Charges (one per cycle),"1 draw, 3 cycles",Not stackable: re-applying keeps the higher charge count,"Blessed Draw Amp (+draws), Blessed Amp (+cycles)",Succumb (Brad): 2 extra draws for 4 cycles,#FFE680,
Fortify,Buff,Player & allies,BuffType.FORTIFY,Armor does not decay. Remembers the Regen value you had when it began (Living Armor tops Regen back up to that mark).,Timed (tempo),15 tempo,Not stackable: re-applying keeps the longer timer,,"Turtle Up (Brad, 20t); Hunker Down (Brad, 30t); Succumb (Brad, 20t); Sword Breaker on-self (5t)",#9999CC,
Enlightened,Buff,Player & allies,BuffType.ENLIGHTENED,"+X% crit chance on your next Y attacks. Every attack roll spends a charge, crit or not. A value of 100 is a guaranteed crit.",Charges (one per attack roll),"25%, 3 attacks",Not stackable: re-applying keeps the higher charge count (never adds); a higher % replaces a lower one,"Enlight Amp (+% crit, except on 100% sources)","Lady Luck (Jeremy, 30%, 5); Gift from the Gods [Megingjord] (10%, 3 charges, 4 at Lv3); Tighten String (Stephen, 20%, 1 per buffed shot); Understanding (Ryan, 100%, 1, after a 10t countdown); Scouted passive (Stephen, 100%, 1, after 3 hits in a row on one enemy); Serial Killer passive (Cory, 100%, 1, on the ambush attack)",#FFFF99,"Damaging cards that never roll crit (Exposed Artery, Shield Slam, God of Thunder, Balistic Arrow, flat item AOEs) neither use nor spend it."
Strengthen,Buff,Player & allies,BuffType.STRENGTHEN,+X damage on your next Y offensive cards (a resolving non-offensive card neither gains nor spends it). Timed variant: +X on every attack until the clock runs out.,Charges (per offensive card) or Timed (tempo),"3 damage, 3 attacks","Stackable: re-applying adds the value. When a timed and a charge version meet, the damage adds and the clock wins",Strength Amp (+damage),"Belt of Wumbology on-self (10, 2); Tight Rope [Boots of the Balancer] (15, 1); Feed into the Pain [Hammer of Ajax] (20, 4); Cyclops Ring after three 25+ hits (15, 2); Draupnir when the clone dies (10, 2); Biscuit (Jeremy, 3, 3; also via Risk It); Hope This Works (Jeremy, 2, 3, on success); Bloodlust (Ryan, timed: 3 for 20t); Succumb (Brad, timed: 5 for 20t); Mad Scientist Attack->Heal (Ryan, 2-8, 3); Easy Target (Stephen, 1-15, 3); Dominate (Stephen, 2-16, 3); Circle of Life on shuffle (Cory, 10-24, 3)",#FF804C,
Bolster,Buff,Player & allies,BuffType.BOLSTER,+X armor the next Y times you gain armor; one charge per armor gain.,Charges (one per armor gain),"2 armor, 3 times",Stackable: re-applying adds the value and keeps the higher charge count,Bolster Amp (+armor),None in the live game (only the debug 'Test' hook),#80B2FF,"Consumed by Smith thy Soul and the block pipeline, but nothing grants it."
Haste,Buff,Player & allies,BuffType.HASTE,+X tempo-free tiles on each of your next Y (non-Flash) moves; one charge per move action.,Charges (one per move),"1 tile, 3 moves",Not stackable: re-applying keeps the higher charge count,Haste Amp (+moves),"Fleet Etching (Swift boot-slot engrave card: +1 tile, 2 moves)",#80FFFF,A shelved sphere proc 'On move: 10% gain Haste' is still wired in progression_triggers.gd but retired from the grid.
Cleanse,Buff,Player & allies,BuffType.CLEANSE,Instant: remove X random debuffs from yourself. Never sits on the bar.,Instant,1 debuff,n/a (resolves immediately),Cleanse Amp (+debuffs removed),"Armor Patch (Brad, on draw: 3 armor + cleanse 1); Harnessed Sun ring (cleanse 1 per 25 Burn applied)",#FFFFFF,"Fresh Start, Gift from the Gods Lv3 and Preemptive Answer remove debuffs directly without this buff."
Smith,Buff,Player & allies,BuffType.SMITH,Gain X armor at the start of each cycle; X drops by 1 at the end of each cycle ('Regen for armor').,Timed (tempo) and value decays 1 per cycle,"2 armor, 15 tempo",Not stackable: re-applying keeps the longer timer,,"Best Offense is a Good Defense (Jeremy: 3, or 6 with no attack card in hand, 25t)",#B2B2B2,
Steady,Buff,Player & allies,BuffType.STEADY,Your next action adds no tempo.,Charges,1 charge,Not stackable: re-applying keeps the higher charge count,,None in the live game (only the debug 'Test' hook),#99CC99,main.gd consumes it but nothing grants it.
Brace,Buff,Player & allies,BuffType.BRACE,Reduce incoming damage by X% on the next Y hits (applied after Resilient). A typed Brace (Parry = physical) only reacts to hits of its type.,Charges (one per hit taken),"30%, 1 hit",Not stackable: re-applying keeps the higher charge count,Brace Amp (+%),"Protection From Alnitak [Orions Belt] (% = empty hand slots, 5 hits); Parry (Brad, 10% physical only, 1 hit)",#8080CC,
Resilient,Buff,Player & allies,BuffType.RESILIENT,Reduce all incoming damage (or one damage type's) by X% for N tempo. Applied before Brace.,Timed (tempo),"15%, 15 tempo",Not stackable: keeps the longer timer; a stronger % replaces a weaker one,Resil Amp (+%),"Harden (Brad, 10% physical, 15t); Succumb (Brad, 20% all, 20t); Strap of Stone on-self (10% physical, 10t); Smithed Excellence on-self (2% all, 3t); Ring of Stone Hide (10% all, 15t, per 100 armor gained)",#B299E6,
Life Steal,Buff,Player & allies,BuffType.LIFE_STEAL,Your next attack heals you for the damage dealt (or X% of it when a percentage is set). The Sanguine Barrier keystone can turn the heal into temp HP.,Charges,1 charge (full damage),Not stackable: re-applying keeps the higher charge count,,Life Steal card (Brad),#E63366,"Lifesteal passives and items are separate mechanics, not this buff."
Morphine,Buff,Player & allies,BuffType.MORPHINE,X temp HP. When the buff expires the remaining temp HP is lost and you take 2 damage.,Timed (tempo),"4 temp HP, 15 tempo",Not stackable: re-applying keeps the longer timer,,Morphine card (Brad),#FF99CC,
Wear Down,Buff,Player & allies,BuffType.WEAR_DOWN,"While active, each of your attacks lowers the target enemy's attack damage by 1 (stacks on the enemy as its own Wear Down status) for N tempo.",Timed (tempo),15 tempo,Not stackable: re-applying keeps the longer timer,,"Wear Down card (Brad, 15t)",#E6994C,
Invisible,Buff,Player & allies,BuffType.INVISIBLE,Enemies cannot target you and skip their actions against you for N tempo (Ring Wraiths see through it).,Timed (tempo),10 tempo,Not stackable: re-applying keeps the longer timer,,"Shadows (Ryan, 10t); Poof and Weave [Shadow Obi] (5t); Houdinis Slippers on-self (5t); The Precious shadow form (10t); Smoke Bomb [Concealed Carry] (2t, re-applied each tick inside the 8t cloud); Eye Scrape passive (Ryan, 5t); Now You See Me passive (Ryan, 5t on displacement)",#8080B2,
Armor Break,Buff,Player & allies,BuffType.ARMOR_BREAK,"Your next attack card deals double damage to the enemy's armor only (no health damage, no spillover).",Charges,1 charge,Not stackable: re-applying keeps the higher charge count,,Armor Break card (Brad),#CC9933,
Shield Ready,Buff,Player & allies,BuffType.SHIELD_READY,"After N tempo, gain X armor (the payload lands when the countdown ends).","Timed (tempo), pays out on expiry",5 armor after 5 tempo,Not stackable: re-applying keeps the longer timer,,Shield Ready card (core),#6699E6,
Repelled Block,Buff,Player & allies,BuffType.REPELLED_BLOCK,"If your next melee attack taken is fully blocked by armor: negate it, push the enemy back 4 spaces and yourself back 2.",Charges,1 charge,Not stackable: re-applying keeps the higher charge count,,Repelled Block card (core),#4C80FF,
Shield of Growth,Buff,Player & allies,BuffType.SHIELD_OF_GROWTH,All damage you take increases your armor by that amount for N tempo.,Timed (tempo),10 tempo,Not stackable: re-applying keeps the longer timer,,"Shield of Growth card (core, 10t; also Disarms you for 10t)",#4CCC80,
Demonic Rage,Buff,Player & allies,BuffType.DEMONIC_RAGE,Your next N mana costs are paid with health instead of mana.,Charges (one per mana cost),5 charges,Not stackable: re-applying keeps the higher charge count,,Demonic Rage card (Jeremy),#CC1A33,
Poisoned Blood,Buff,Player & allies,BuffType.POISONED_BLOOD,Your next N heal cards deal damage to enemies instead of healing; one charge per converted heal.,Charges (one per heal card),3 heals (card grants 5),Not stackable: re-applying keeps the higher charge count,,"Poisoned Blood card (Ryan, next 5 heals)",#801A66,
Elixir,Buff,Player & allies,BuffType.ELIXIR (display badge),Poison applied to you heals instead of hurting for the window. The stack variant turns your next N poison ticks into heals.,Flag-driven badge (PlayerStats.elixir_tempo / elixir_stacks),25 tempo window (ELIXIR_TEMPO),n/a (badge mirrors the flag),,Elixir card (Ryan),#4CE680,"elixir_stacks is only ever decremented, never set, so the per-tick stack branch is dead code."
Keen,Buff,Player & allies,BuffType.KEEN,+X% flat crit chance for N tempo (added straight into the crit roll).,Timed (tempo),10 tempo,Stackable: re-applying adds the value and keeps the longer timer,,"Ragnarok [Hide of Garmr] (+10% per jailed card released, 10t)",#FFE64C,
Might,Buff,Player & allies,BuffType.MIGHT,"+X STR for N tempo. Boosts damage only (temp_strength_bonus), not carry capacity, so gear never pops off.",Timed (tempo),10 tempo,Stackable: re-applying adds the value and keeps the longer timer,,"Ragnarok [Hide of Garmr] (+5 STR per card released, 7 at Lv3, 10t); Self Infliction (core, 5, 10t; also +5 temp DET); Gargle and Spit (Ryan, 1, 20t); Tricks of Alberich [Ring of Nibelung] (10, 5t); Hold the Line (Brad, 2 to all allies, 15t; also +2 temp DET)",#FF6633,
Phoenix Grace,Buff,Player & allies,BuffType.PHOENIX_GRACE,Retired. No behaviour.,n/a,n/a,n/a,,Nothing applies it,,Enum slot kept only for save-order compatibility.
Raged Circulation,Buff,Player & allies,GENERIC badge: healing_boost_percent,Healing and regen you receive are +30% effective.,Timed (tempo),"+30%, 15 tempo",Re-applying refreshes the timer,,Raged Circulation card (Ryan),#BF2E33,Display badge for a PlayerStats flag.
Understanding,Buff,Player & allies,GENERIC badge: understanding_tempo,Countdown; when it reaches 0 you gain Enlightened 100% for 1 attack (a guaranteed crit).,"Timed (tempo), pays out on expiry",10 tempo,Re-applying restarts the countdown,,Understanding card (Ryan),#40A8F5,Display badge for a BuffManager flag.
Approach,Buff,Player & allies,GENERIC badge: approach_armor_per_move,Gain X armor for every tile you move while it lasts.,Timed (tempo),"+5 armor per tile, 10 tempo",Re-applying refreshes,,Approach card (Brad; also Slows you for 10t),#808C99,Display badge for a BuffManager flag.
Enchanted Quiver,Buff,Player & allies,GENERIC badge: enchanted_quiver_charges,Your next N ranged attacks each create a free arrow card.,Charges (one per ranged attack),3 charges,Re-applying adds charges,,Enchanted Quiver card (Stephen),#26AD61,Display badge for a BuffManager flag.
Tighten String,Buff,Player & allies,GENERIC badge: tighten_string_charges,"Your next N ranged attacks cost +3 tempo and gain +6 damage, +6 range and Enlightened 20% (one attack).",Charges (one per ranged attack),3 charges,Re-applying adds charges,,Tighten String card (Stephen),#F2C417,A shot returned to hand because its target died still spends a charge.
Loaded Die,Buff,Player & allies,GENERIC badge: next_odds_boost,Your next chance roll is +X% (rides every chance card until one is played).,Charges (until the next chance roll),+10% (House Money sets it to 100%),Re-applying raises the boost,,"Loaded Die (Jeremy, +10); House Money (Jeremy, 100)",#9C59B5,Display badge for a PlayerStats flag.
Shadow Form,Buff,Player & allies,PlayerStats.shadow_form_tempo,"Max mana is halved (restored on exit), +10 Brain and +10 Flash points beyond their caps, and you are Invisible. Must spend at least 1 tempo inside.",Timed (tempo),10 tempo,Cannot re-enter while active,,The Precious ring (every 4th enemy hit),,Flag on PlayerStats; the wraiths are shown by main.
Invulnerable,Buff,Player & allies,PlayerStats.invulnerable_tempo,Full damage immunity.,Timed (tempo),3 tempo,n/a,,"Marvolo Gaunt ring (a lethal hit leaves you at 1 HP, heals 25, 50t cooldown)",,Followed by the Marvolo's Misunderstanding debuff (see Debuffs).
Temp HP,Buff,Player & allies,PlayerStats.current_temp_health,Extra health that sits above your health bar and absorbs damage first. Counts toward health % for Determination thresholds.,Timed (tempo),varies by source,Adds; keeps the longer timer,,"Morphine (4, 15t); Tight Rope [Boots of the Balancer] (20, 5t); Feed into the Pain [Hammer of Ajax] (25, 5t); Budding passive (Cory, 5-19, 15t); Living Bulwark keystone (armor gains become temp HP, 5t); Sanguine Barrier keystone (lifesteal becomes temp HP, 5t)",,"Resource pool, not a bar badge."
Enchantment (in hand),Buff,Player & allies,Card.in_hand_buff,"While the Enchantment card sits in your hand: +3 damage (Attack), +3 block (Defense), +1 movement (Movement) or +10 mana regen (Mana Regen). Auto-discards after 2 cycles; the bonus ends when the card leaves the hand.",While in hand (2 cycles),+3 / +3 / +1 / +10,Each copy in hand adds,,"Enchantment: Attack, Enchantment: Defense, Enchantment: Movement, Enchantment: Mana Regen cards",,"Stat bonuses on PlayerStats, not Buff objects."
Brace (enemy),Buff,Enemy,Enemy._brace_charges,The next N hits deal 30% less damage to it.,Charges (one per hit taken),5 hits per trigger,Adds charges,,"Guardian of Death: gained whenever he, a foe or an ally within 8 squares first drops below half health",#8080CC,
Thorns (enemy),Buff,Enemy,Enemy.enemy_thorns,Every direct hit on it costs the attacker X damage; one thorn is spent per hit.,Value decays per hit,25 thorns (with +25 armor),Adds,,Cerberus 'Roar',#CC66CC,
Strengthen (enemy),Buff,Enemy,Enemy.strengthen_stacks,+X damage on every attack. It never fades.,Permanent,+15 per trigger (Deathyard Dog) / +1 per hit (Large Bear),Adds,,Deathyard Dog (+15 whenever a foe heals within 5 squares); Large Bear (+1 per hit taken while Mini Bears are present),#FF804C,Only the Cerberus-type dog shows the badge; the Large Bear stacks silently.
Gravebound,Buff,Enemy,Enemy.gravestone_provider,Regenerates 1 health every cycle for each gravestone still standing. Only breaking the stones lowers it.,Permanent (while stones stand),1 HP per cycle per stone,n/a,,Graveyard boss arena (gravestones),#8CD999,
Sealed,Buff,Enemy,Enemy.door_sealed_tempo,Hell's Door has sealed itself: no damage gets through until the seal fades.,Timed (tempo),"seals at 75%, 50% and 33% health",n/a,,Hell's Door boss,#E6594C,
Bleed,Debuff,Player & allies,DebuffType.BLEED,Take 1 damage per tile moved; each point of damage removes a stack.,Stacks (never expires by the clock),stacks = value applied,Stackable: re-applying adds stacks,,"Cerberus 'Second Head' bite below 66% HP (5); Cerberus 'Swipe' (8); Large Bear 'Maul' (4; 8 when enraged below 50% HP, and the bear heals from the bleed)",#CC1A1A,
Stun,Debuff,Player & allies,DebuffType.STUN,"Cannot take any actions: no cards, no movement.",Timed (tempo),15 tempo (sources use 3-15),Not stackable: re-applying keeps the longer timer,,"Giant Beaver 'Chomp' (3t); Cerberus 'Venom Tail' (15t, also knocks 3 cards from hand); Inflamed Minotaur 'Bull Rush' (5t, chance = spaces x4%); self: Stone Encase [Strap of Stone] (5t), Cryonics (15t on the iced ally or self)",#FFFF00,Point to Prove (Cory) can pay HP to shrug it off.
Disarm,Debuff,Player & allies,DebuffType.DISARM,Cannot play attack cards.,Timed (tempo),15 tempo (sources use 5-10),Not stackable: re-applying keeps the longer timer,,"Pipe Crawler 'Claw' (25% chance, 5t); self: Shield of Growth (10t), Succumb phase 2 (10t)",#994C1A,Point to Prove (Cory) can pay HP to shrug it off.
Silence,Debuff,Player & allies,DebuffType.SILENCE,Cannot play spell cards.,Timed (tempo),15 tempo,Not stackable: re-applying keeps the longer timer,,None in the live game,#8000CC,"Point to Prove covers it, but no enemy or card applies it to the player."
Burn,Debuff,Player & allies,DebuffType.BURN,"Each cycle take burn damage that doubles (1, 2, 4, 8...). Each stack is one cycle of burning. Attacking while burning also deals the current burn damage to you.",Stacks (one burns per cycle; never expires by the clock),stacks = value applied,Stackable: re-applying adds stacks; the doubling counter resets only when Burn is gone,,"Fire Goblin Mage 'Ember' (1); Fire Mage 'Fire Bolt' (2); Inflamed Minotaur 'Attack' (2); Ifrit 'Fire Breath' 5x5 (5); fire tiles stepped on: Fire Goblin Shaman 'Fire Wall' (3), Ifrit breath tiles (5), Minotaur wake and Bull Rush lane (2, heals him 10); self: Wand of the Phoenix Feather backlash (1 per burn-applying play)",#FF8000,
Poison,Debuff,Player & allies,DebuffType.POISON,"Take X damage at the start of each cycle, then lose 1 poison. Under Elixir a tick heals instead.",Value decays 1 per cycle; also expires when its timer ends,15 tempo,Stackable: re-applying adds the value and keeps the longer timer,,White Manticore 'Stinger' (8),#33CC33,
Cursed,Debuff,Player & allies,DebuffType.CURSED,Deal 20% less damage and take 20% of the damage you deal as self-damage.,Timed (tempo),15 tempo,Not stackable: re-applying keeps the longer timer,,None in the live game (exists only in the player/enemy mirror maps used by Expel Negativity),#4C004C,
Frozen,Debuff,Player & allies,DebuffType.FROZEN,Cannot play cards (movement still allowed).,Timed (tempo),5 tempo (1 cycle),Not stackable: re-applying keeps the longer timer,,Automatic when Cold reaches 5 stacks (in practice the Ice Troll),#80CCFF,
Cuffed,Debuff,Player & allies,DebuffType.CUFFED,Cannot draw cards.,Timed (tempo),15 tempo (sources use 10),Not stackable: re-applying keeps the longer timer,,Cerberus Venom Tail aftermath when the stun ends (10t); self: Succumb (10t),#808080,
Shocked,Debuff,Player & allies,DebuffType.SHOCKED,"Arc X damage to nearby allies at the start of each cycle, then lose 1 stack.",Value decays 1 per cycle; also expires when its timer ends,15 tempo,Stackable: re-applying adds the value and keeps the longer timer,,"Spark Mage 'Spark' (1 stack, 15t)",#FFFF4C,
Slowed,Debuff,Player & allies,DebuffType.SLOWED,Movement costs 3 tempo per tile instead of 1; each tile moved burns a stack. The clock-timed variant lasts N tempo and burns no stacks.,Stacks (never expires by the clock) or Timed (tempo),2 stacks; SLOWED_TEMPO_PER_TILE = 3,Stackable: re-applying adds stacks. A timer over stacks makes it timed for at least that long; stacks over a timer are ignored,,"Ice Mage 'Frost Bolt' (1); Spiked Web trap in cave interiors (2, plus 5 damage); self: Petey the Pet Rock while in hand (held at 2), Approach (timed, 10t)",#4C4C99,
Staggered,Debuff,Player & allies,DebuffType.STAGGERED,Attack cards cost 15 more mana; each attack card played burns a stack. The clock-timed variant lasts N tempo instead.,Stacks (never expires by the clock) or Timed (tempo),STAGGERED_MANA = 15,Stackable: re-applying adds stacks (timed/stack merge as Slowed),,"Self only: Tower Shield (timed, 40t)",#996633,
Drain,Debuff,Player & allies,DebuffType.DRAIN,"Lose 10 mana at the start of each cycle, then lose 1 stack. Hitting 0 mana breaks all maintained cards.",Value decays 1 per cycle; also expires when its timer ends,15 tempo,Stackable: re-applying adds the value and keeps the longer timer,,"Self only: Succumb (1, 10t)",#660099,
Weighted,Debuff,Player & allies,DebuffType.WEIGHTED,Cards cost 2 more tempo; each card played burns a stack.,Stacks (never expires by the clock),WEIGHTED_TEMPO = 2,Stackable: re-applying adds stacks,,None in the live game,#666666,
Hexed,Debuff,Player & allies,DebuffType.HEXED,One random card in your hand costs +X mana until it is played; playing it clears every hex on it. Each hex is its own instance on its own card.,Timed (tempo) or until the card is played,15 tempo (source uses 25),Never merges: each application hexes another card (stacks on one card only when there are more hexes than cards),,"Necromancer 'Dark Bolt' (2 hexes, +30 mana each, 25t)",#990099,
Locked,Debuff,Player & allies,DebuffType.LOCKED,One random card in hand cannot be played.,Timed (tempo),15 tempo,Not stackable: re-applying keeps the longer timer,,"None in the live game (deck_manager reads it, nothing creates it)",#4C4C4C,
Rooted,Debuff,Player & allies,DebuffType.ROOTED,Cannot move (cards can still be played).,Timed (tempo),15 tempo (source uses 8),Not stackable: re-applying keeps the longer timer,,"Treant 'Root' (8t, range 4)",#66401A,
Clumsy,Debuff,Player & allies,DebuffType.CLUMSY,30% chance to discard a random card whenever you play a card; each card played burns a stack.,Stacks (never expires by the clock),CLUMSY_CHANCE = 30%,Stackable: re-applying adds stacks,,White Manticore 'Stinger' (3 stacks),#E69933,
Vulnerable,Debuff,Player & allies,DebuffType.VULNERABLE,Take 30% more damage from the next X attacks (not from damage-over-time ticks); one stack per hit.,Stacks (value) and also expires when its timer ends,15 tempo,Stackable: re-applying adds the value and keeps the longer timer,,"Giant Beaver 'Tail Whip' (5, 15t); Large Bear 'Roar' (1 to every player unit within 4); Cerberus venom aftermath (2); Inflamed Minotaur Bull Rush (1 to the victim and to everything trampled); self: Bloodlust (3, until cleansed)",#FF4C4C,
Brittle,Debuff,Player & allies,DebuffType.BRITTLE,Armor decays an extra 2 per cycle; lose 1 stack at the end of each cycle.,Value decays 1 per cycle; also expires when its timer ends,15 tempo,Stackable: re-applying adds the value and keeps the longer timer,,"Ice Troll, every hit incl. 'Club' and 'Clobber' (1, 15t)",#B2B299,
Cold,Debuff,Player & allies,DebuffType.COLD,Stacking. At 5 (summed value) you become Frozen for 5 tempo and Cold clears.,Stacks (value) and also expires when its timer ends,15 tempo,Stackable: re-applying adds the value and keeps the longer timer,,"Ice Troll, every hit (1, 15t); if a hit freezes you, 'Clobber' (50 damage) follows",#66B2FF,
Blind,Debuff,Player & allies,DebuffType.BLIND,X% chance for your attacks to miss.,Timed (tempo),"BLIND_MISS = 80%, 15 tempo (source uses 5)",Not stackable: re-applying keeps the longer timer,,"Giant Hawk 'Swoop' (20% chance, 5t)",#D9D966,The miss mechanic lives on PlayerStats.is_blinded; the Debuff is the badge.
Weakened,Debuff,Player & allies,DebuffType.WEAKENED,Deal 30% less damage; each attack burns a stack. Mirrors the enemy-side Weaken.,Stacks (never expires by the clock),WEAKENED_REDUCTION = 30%,Stackable: re-applying adds stacks,,"Inflamed Minotaur Bull Rush, on the same roll as its stun (1 stack)",#8080CC,
Lost in the Labyrinth,Debuff,Player & allies,DebuffType.LOST,Your hand is scrambled and must be played left to right (only the first card in line is playable). You cannot draw by any means.,Timed (tempo),15 tempo,Not stackable: re-applying keeps the longer timer,,"The Labyrinth boss room (Inflamed Minotaur): every 25 tempo, on every player",#D98C40,Lifts the moment the Minotaur dies.
Marvolo's Misunderstanding,Debuff,Player & allies,DebuffType.GENERIC,"Take 25 damage when this expires naturally. Purging it first (Cleanse, Fresh Start, etc.) prevents the damage.","Timed (tempo), pays out on natural expiry","25 damage, 7 tempo",Not stackable: re-applying keeps the longer timer,,"Marvolo Gaunt ring, right after it saves you from death",,Bespoke GENERIC debuff; keeps its own name and description.
Regen Frozen,Debuff,Player & allies,PlayerStats.regen_frozen_tempo,Mana regeneration is paused.,Timed (tempo),= the tempo spent on the swap,Adds,,Swapping gear mid-combat,,Flag only; no badge.
Inebriate,Debuff,Player & allies,DebuffType.INEBRIATE,Retired. No behaviour.,n/a,n/a,n/a,,Nothing applies it,,Enum slot kept only for save-order compatibility.
Tethered,Debuff,Player & allies,DebuffType.TETHERED,Retired. No behaviour.,n/a,n/a,n/a,,Nothing applies it,,Enum slot kept only for save-order compatibility.
Magnetized,Debuff,Player & allies,DebuffType.MAGNETIZED,Retired. No behaviour.,n/a,n/a,n/a,,Nothing applies it,,Enum slot kept only for save-order compatibility.
Linked,Debuff,Player & allies,DebuffType.LINKED,Retired. No behaviour.,n/a,n/a,n/a,,Nothing applies it,,Enum slot kept only for save-order compatibility.
Stun (enemy),Debuff,Enemy,apply_debuff('stun'),"Cannot act at all; every action clock resets, so its next action is delayed by the full stun.",Timed (tempo),5 tempo typical,Not stackable: keeps the longer timer,Stun Amp (+tempo),"What's the Worst? (50%, 5t); Escape and Bewilder [Houdinis Slippers] (3t, all within 3); Vengeful Shield (5t, nearest melee enemy); Element Pollination [Elemental Weaver]: 5 Shock becomes a 5t stun",#FFFF00,
Slow (enemy),Debuff,Enemy,apply_debuff('slow'),"Each movement action costs +2 tempo (SLOWED_TEMPO_PER_TILE - 1) and burns one stack, regardless of tiles covered. Each stack also shortens the Inflamed Minotaur's Labyrinth Leap by 1.",Stacks (never expires by the clock),2 stacks typical,Stackable: adds freely,Slow Amp (+tempo per move),"Sword of Theseus on-self (2; 3 at Lv3); Earth Rattle [Bessy] (2, radius 3)",#6699FF,Tooltip says '3 tempo per tile'; the code charges per movement action.
Disarm (enemy),Debuff,Enemy,apply_debuff('disarmed'),Cannot attack for N tempo.,Timed (tempo),5 tempo,Re-applying OVERWRITES the timer (does not keep the longer one),Disarm Amp (+tempo),"Roll (5t on the enemy hit); Sweeping Disarm (5t, melee AoE)",#CC4C4C,"Because of the overwrite, Wither's +1 shortens an existing Disarm (see Open Design Notes)."
Disarmed (attacks),Debuff,Enemy,apply_debuff('disarm_attacks'),Skips its next N attack actions.,Charges (one per skipped attack),1 attack,Stackable: adds,,Switch Kick (1); Song of a Swords Sing [Sword Breaker] (1); Spidey Web Shooters on-self (1),#CC4C4C,
Marked,Debuff,Enemy,apply_debuff('marked'),Your attacks deal +15% damage to it (MARKED_BONUS_PERCENT).,Timed (tempo),25 tempo,Re-applying OVERWRITES the timer,,Mark card (25t),#FF3333,
Silenced (enemy),Debuff,Enemy,apply_debuff('silenced'),Cannot cast spells or ranged special attacks; any queued spell is dropped.,Timed (tempo),5 tempo,Not stackable: keeps the longer timer,Silence Amp (+tempo),Choke (5t); Circe's Wand of Cauldron Stirring (5t per damaging attack),#B24CE6,
Choke,Debuff,Enemy,apply_debuff('choke_dot'),Takes choke damage (half the caster's auto-attack damage) at the end of each cycle; loses 1 stack per cycle.,Stacks (one per cycle),"1 stack, damage set at cast",Stackable: adds,,Choke card,#80B266,
Burn (enemy),Debuff,Enemy,apply_debuff('burn'),"Takes doubling damage each cycle (1, 2, 4, 8...); one stack burns per cycle. Under Element Pollination the burn splashes enemies within 2.5 tiles.",Stacks (one per cycle; never expires by the clock),1-5 stacks typical,Stackable: adds,Burn Amp (flat extra hit after each tick),"Fire Book (1 per hit); Fire Quiver on-self (1); Equator on-self (4); Fireball (3, AoE); Gift from the Phoenix (5, nearest enemy); Harnessed Sun ring (+2 whenever burn is applied)",#FF8000,
Cold (enemy),Debuff,Enemy,apply_debuff('cold'),Stacking; at 5 it becomes Frozen for 5 tempo and Cold resets. Thaws 1 stack per cycle. Under Element Pollination each tick also deals doubling damage.,Stacks (thaw 1 per cycle),1-2 stacks typical,Stackable: adds,,"Frost Book (1); Ice Orb (2); Frost Quiver on-self (1); Ice Grenade [Belt of Scrolls] (2, radius 2); passive effect 'freeze_enemy' (5)",#66B2FF,
Frozen (enemy),Debuff,Enemy,is_frozen / frozen_tempo,Cannot act at all; action clocks reset.,Timed (tempo),5 tempo (1 cycle),Keeps the longer timer,Shatter (damage on thaw),Automatic at 5 Cold,#80CCFF,
Poison (enemy),Debuff,Enemy,apply_debuff('poison'),"Takes damage equal to its stacks each cycle, then loses 1 stack.",Stacks (decay 1 per cycle),2-20 stacks by source,Stackable: adds,Poison Amp (stacks% chance of a bonus hit each tick),"Hemotoxins [Alchemeist belt] (10; 20 below 50% HP); Poison Bomb [Potion Belt] (6, radius 2); Mad Scientist Utility->Poison (2-9); Blood Hunter constellation (4, 15% on attack); sphere 'apply bleed' passive (lands as poison)",#33CC33,Pop Rocks (Cory) bursts when poison is re-applied.
Shock (enemy),Debuff,Enemy,apply_debuff('shock'),"Takes damage equal to its stacks each cycle, then loses 1 stack. Under Element Pollination 5 stacks become a 5-tempo stun.",Stacks (decay 1 per cycle),2-4 stacks by source,Stackable: adds,Shock Amp (+stacks on apply),"Car Battery (3, slotted cards); Shock Quiver on-self (2); Reaction Rod (4 to a melee attacker); Kinetic Armor passive (1 per Defense card in deck)",#FFFF4C,Tooltip says it arcs to nearby enemies; the code only damages the shocked enemy. God of Thunder and Grounding absorb shock stacks.
Bleed (enemy),Debuff,Enemy,apply_debuff('bleed'),Takes 1 damage per tile moved; each damage removes a stack.,Stacks (never expires by the clock),1-5 stacks by source,Stackable: adds,Bleed Amp,"Splinter [Wooden Sword] (1); Horned Nasal Helm on-self (1); Wooden Spear on-self (1); Sabre Tooth on-self (5, +5 on a repeat target); Wooden Shield (1 to a melee attacker); Gauntlets of Dungeon Mastering wolves (1 + pack size per bite)",#D92633,
Vulnerable (enemy),Debuff,Enemy,apply_debuff('vulnerable'),Your next hits deal +30%; one stack burns per hit.,Stacks (one per hit),1-2 stacks by source,Stackable: adds,Vuln Amp,M for Mini [Belt of Wumbology] (2); Stance Switch [Mits of Chingiz] (2); Golden arrow [Cupids Bow] (2); Assasian Belt on-self (1); Reaper Scythe (1 per hit); Mauls Sabre blue-after-red (1); Crooked Dueling Shield red slot (1) and crit on a Weakened target (2),#FF9933,
Weaken (enemy),Debuff,Enemy,apply_debuff('weaken') / zone_weakened,"Deals 30% less damage; one stack burns per attack. Zone variant (Territorial Mark): no stacks, lasts while it stands in the smoke.",Stacks (one per attack) or zone,1-3 stacks by source,Stackable: adds,Weaken Amp,"M for Mini (2); Cinquedea card and manifest [Slotted Rope Half Sleeve] (1); Improvised Ammo [Wrist Rocket] (3); Lead arrow [Cupids Bow] (2); Earth Rattle (2); Fan Save [Fanned Bracers] (1); Slotted Sash (1 to a random enemy within 5); Mauls Sabre blue slot (1); Crooked Dueling Shield blue slot (1), crit (1), full block (2); Territorial Mark [Bow of Arash] zone (25t corridor)",#8080CC,
Tripped,Debuff,Enemy,apply_debuff('trip'),Move actions cover 4 fewer tiles (TRIP_MOVE_PENALTY); no step if that leaves none.,Timed (tempo),10 tempo,Keeps the longer timer,,Trip card (10t),#80B2FF,Enemy-only; the keyword legend lists it but the player has no Tripped debuff.
Rooted (enemy),Debuff,Enemy,apply_debuff('root'),Cannot move; can still attack and cast.,Timed (tempo),5-25 tempo by source,Keeps the longer timer,Root Amp (+tempo),Vines (15t); Gravity Gauntlets on-self (5t); Spiked Web trap (25t to an enemy that steps in),#664C26,
Cursed (enemy),Debuff,Enemy,apply_debuff('cursed'),Deals 20% less damage and takes 20% of the damage it deals as self-damage.,Timed (tempo),varies,Keeps the longer timer,"Curse Amp (+% less damage), Curse Pain (+% self-damage)","No direct source; arrives only via Expel Negativity, Misery Loves Company or Territorial Death",#4C004C,
Narashimha,Debuff,Enemy,apply_debuff('narashimha'),Cannot heal above the health it had when the debuff landed.,Timed (tempo),10 tempo,Keeps the longer timer; the cap only ever lowers,,Neither Man nor Beast [Mane of Narashimha] (10t),#590066,
Polymorph,Debuff,Enemy,apply_debuff('polymorph'),A pig: can only walk and make basic melee attacks. Re-decides its queued action.,Timed (cycles: ceil(tempo / 5)),5 tempo = 1 cycle,Keeps the longer timer,,"Polymorph [Circe's Wand] (5t, fires when a 5th distinct debuff lands)",#FF99CC,
Taunt,Debuff,Enemy,apply_taunt(),Must attack whoever taunted it.,Timed (tempo),5-15 tempo by source,Re-applying overwrites the target and timer,,"Taunt card (10t, AoE); Golden arrow [Cupids Bow] (50%, 5t); Tricks of Alberich [Ring of Nibelung] (5t, radius 4); Girdle of Aphrodite on-self (15t)",#FF9900,
Fear,Debuff,Enemy,apply_fear(),Moves away from the source of its fear while it lasts.,Timed (tempo),5 tempo,Re-applying overwrites the source and timer,,"Lead arrow [Cupids Bow] (50%, 5t)",#BF8CF2,
Cupid Mark,Debuff,Enemy,apply_cupid_mark(),Struck by a Cupid arrow (Golden or Lead). Carrying both marks turns it into a Tree.,Until both marks land,2 marks,One flag per arrow colour,,Cupids Bow golden and lead arrows,#FFBFCC,
Tree,Debuff,Enemy,_enter_tree_form(),"Turned into a tree: cannot act, keeps every buff and debuff, regrows 3 health on each of its first 3 tempo.",Timed (tempo),4 tempo,n/a,,Both Cupid marks landing,#4CB24C,
Exposed,Debuff,Enemy,is_exposed,"Its armor was broken through to 0. Fires on-expose passives (Easy Target, Premeditated) and reactions.",Flag until it gains armor again,n/a,n/a,,Any hit that breaks the last of its armor; Armor Break doubles damage to armor,#FFFF4C,The player side has no Exposed badge; an armor-breaking hit only fires on_exposed reactions and Reverberate Regrowth.
Wear Down (enemy),Debuff,Enemy,apply_wear_down() / attack_reduction,Its attacks deal X less damage; X grows by 1 with each of your attacks while your Wear Down buff is active.,Timed (tempo),15 tempo,Keeps the longer timer; the reduction stacks,,Attacks made under the Wear Down buff (Brad),#E6994C,
Lowered Physical Defense,Debuff,Enemy,apply_phys_defense_debuff(),Physical hits land X% harder on it for N tempo.,Timed (tempo),"1-15%, 5 tempo",A stronger % replaces a weaker one; the timer refreshes,,Mad Scientist Defense->Poison (Ryan),,No badge on the enemy.
Serial Killer Blindness,Debuff,Enemy,invisible_to_players,The enemy cannot see or act against that player until the player attacks it; the ambush attack auto-crits.,Until the player attacks it,n/a,n/a,,Serial Killer passive (Cory): when an enemy first drops to 11-25% HP,,Flag only; no badge. Shown on the player as Enlightened 100% when the ambush is armed.
Global debuff riders,Debuff,Enemy,(passives and items),Laced Arrow (Stephen) adds +1 Burn/Cold/Shock; Wither (Cory) adds +1 to any debuff; Territorial Death re-applies an existing one; Expel Negativity moves one of your debuffs onto the nearest enemy; Misery Loves Company spreads the highest values on an AoE; Feral Evocation swaps burn/cold/shock/poison to the slot's element.,n/a,n/a,n/a,Stun / Bleed / Burn / Shock / Slow / Root / Disarm / Silence / Vuln / Weaken Amp nodes strengthen debuffs but never apply one,"Laced Arrow, Wither, Territorial Death, Expel Negativity, Misery Loves Company, Feral Evocation",,"Reference row: these touch any debuff, so they are not repeated per effect."
